fileid,year,date,president_id,president,president_full,party,sotu_type,is_sotu,source_url,raw_html_path,word_count,sha256
1790-Washington-1,1790,1790-01-08,washington,Washington,George Washington,Nonpartisan,spoken,True,https://www.presidency.ucsb.edu/documents/first-annual-address-congress-0,raw/ucsb/first-annual-address-congress-0.html,1090,71cfcce4c84e8b82bc79c7c245d77dd725b3de94e2f987752a8c27534ca3b275
1790-Washington-2,1790,1790-12-08,washington,Washington,George Washington,Nonpartisan,spoken,True,https://www.presidency.ucsb.edu/documents/second-annual-address-congress-0,raw/ucsb/second-annual-address-congress-0.html,1408,d14de33b4a448de46558a7cb245685952afa826dcc3233eb5281833185061ff8
1791-Washington-1,1791,1791-10-25,washington,Washington,George Washington,Nonpartisan,spoken,True,https://www.presidency.ucsb.edu/documents/third-annual-address-congress-0,raw/ucsb/third-annual-address-congress-0.html,2146,1104baa3ce2132743846cd09093d07f99b1c66f2708e1815d214405d8ff79041
1792-Washington-1,1792,1792-11-06,washington,Washington,George Washington,Nonpartisan,spoken,True,https://www.presidency.ucsb.edu/documents/fourth-annual-address-congress-0,raw/ucsb/fourth-annual-address-congress-0.html,2098,c659c926ec6237e10b547fa14726e6b1b44a4d9dd055fa1029af2b26a1f8fd3e
1793-Washington-1,1793,1793-12-03,washington,Washington,George Washington,Nonpartisan,spoken,True,https://www.presidency.ucsb.edu/documents/fifth-annual-address-congress,raw/ucsb/fifth-annual-address-congress.html,1965,bc6a7f3a4c2ce2f8aee6bb46355899a2fca999ea068e63ea753715826e07237e
1794-Washington-1,1794,1794-11-19,washington,Washington,George Washington,Nonpartisan,spoken,True,https://www.presidency.ucsb.edu/documents/sixth-annual-address-congress,raw/ucsb/sixth-annual-address-congress.html,2915,a81baef296875ffabb97fd227ab8342d4461bf7b3a2c95f042e5c67cfacd8e79
1795-Washington-1,1795,1795-12-08,washington,Washington,George Washington,Nonpartisan,spoken,True,https://www.presidency.ucsb.edu/documents/seventh-annual-address-congress,raw/ucsb/seventh-annual-address-congress.html,1986,9963a0076604557f77c50c4618b1c64c38f6e9c712047b693455020122226efb
1796-Washington-1,1796,1796-12-07,washington,Washington,George Washington,Nonpartisan,spoken,True,https://www.presidency.ucsb.edu/documents/eighth-annual-address-congress,raw/ucsb/eighth-annual-address-congress.html,2868,ef029ccc9829d7b37423588adbba3c04a9285325ee17068b4910b7edec20a0a4
1797-Adams-1,1797,1797-11-22,adams-1,Adams,John Adams,Federalist,spoken,True,https://www.presidency.ucsb.edu/documents/first-annual-address-congress,raw/ucsb/first-annual-address-congress.html,2063,e3e8c77bb9eb214a0204ab1827533a6fbfc38731f4660e7bbca0f82bfbdbd307
1798-Adams-1,1798,1798-12-08,adams-1,Adams,John Adams,Federalist,spoken,True,https://www.presidency.ucsb.edu/documents/second-annual-address-congress,raw/ucsb/second-annual-address-congress.html,2218,998e1fab8c0472e1a776d1a7bb58a08d502f8aa1b4e86ec2fa651d2a12f13613
1799-Adams-1,1799,1799-12-03,adams-1,Adams,John Adams,Federalist,spoken,True,https://www.presidency.ucsb.edu/documents/third-annual-address-congress,raw/ucsb/third-annual-address-congress.html,1505,5bfbcf46eb38018ba5a6a176a1a74c235cb20bac375c728fa6d7b93a3b9a9b95
1800-Adams-1,1800,1800-11-22,adams-1,Adams,John Adams,Federalist,spoken,True,https://www.presidency.ucsb.edu/documents/fourth-annual-address-congress,raw/ucsb/fourth-annual-address-congress.html,1372,0e34eab56d34380b5c490c1c7bb699a650cf9f05f15bbe69aa1a7cb7a9b84a9d
1801-Jefferson-1,1801,1801-12-08,jefferson,Jefferson,Thomas Jefferson,Democratic-Republican,written,True,https://www.presidency.ucsb.edu/documents/first-annual-message,raw/ucsb/first-annual-message.html,3224,12ee9a4e6320f7a00fb6d2e89647d5650f88d6e0ac2d38cde56a063f7cba09fa
1802-Jefferson-1,1802,1802-12-15,jefferson,Jefferson,Thomas Jefferson,Democratic-Republican,written,True,https://www.presidency.ucsb.edu/documents/second-annual-message,raw/ucsb/second-annual-message.html,2082,209f7ff77f1c098c73a7658e46fdc2be9853acac8ce562bd6f58a73547e10f95
1803-Jefferson-1,1803,1803-10-17,jefferson,Jefferson,Thomas Jefferson,Democratic-Republican,written,True,https://www.presidency.ucsb.edu/documents/third-annual-message,raw/ucsb/third-annual-message.html,2109,b886a62338b19a653127ce4d1fc7b3940eb430091a249c0207fb074e1d9e1f1d
1804-Jefferson-1,1804,1804-11-08,jefferson,Jefferson,Thomas Jefferson,Democratic-Republican,written,True,https://www.presidency.ucsb.edu/documents/fourth-annual-message,raw/ucsb/fourth-annual-message.html,2096,ee30bd8ff4f1feaa759c1c11120855ad97ccac292bdf5b3f5de5c3048f7e82df
1805-Jefferson-1,1805,1805-12-03,jefferson,Jefferson,Thomas Jefferson,Democratic-Republican,written,True,https://www.presidency.ucsb.edu/documents/fifth-annual-message,raw/ucsb/fifth-annual-message.html,2928,f15cb3dad68ba54b61ed72698fe1cff2ada5ffe8e24773e397045abb9fabaa59
1806-Jefferson-1,1806,1806-12-02,jefferson,Jefferson,Thomas Jefferson,Democratic-Republican,written,True,https://www.presidency.ucsb.edu/documents/sixth-annual-message,raw/ucsb/sixth-annual-message.html,2866,7cc57306cd6e3538767e68a8eb9eff45100ab7e83cfa068327c3c48dc49f35e5
1807-Jefferson-1,1807,1807-10-27,jefferson,Jefferson,Thomas Jefferson,Democratic-Republican,written,True,https://www.presidency.ucsb.edu/documents/seventh-annual-message,raw/ucsb/seventh-annual-message.html,2390,9fc7158abf683eeeba6adda80c4cd2fd5d858b9c52ee749a9b59092c40eff21b
1808-Jefferson-1,1808,1808-11-08,jefferson,Jefferson,Thomas Jefferson,Democratic-Republican,written,True,https://www.presidency.ucsb.edu/documents/eighth-annual-message,raw/ucsb/eighth-annual-message.html,2675,833b9c1de5ddd694d4f3db36c4498ec05dd2e050f9e22631544165e425f9ba5f
1809-Madison-1,1809,1809-11-29,madison,Madison,James Madison,Democratic-Republican,written,True,https://www.presidency.ucsb.edu/documents/first-annual-message-0,raw/ucsb/first-annual-message-0.html,1828,1af60db91cd91c076e94d46ce4d5deb97f37ec987c25d2f48e0f6b83f07cc940
1810-Madison-1,1810,1810-12-05,madison,Madison,James Madison,Democratic-Republican,written,True,https://www.presidency.ucsb.edu/documents/second-annual-message-0,raw/ucsb/second-annual-message-0.html,2443,ae7aef38d3c73f78a21cb5476e9ef145e74a919f74e80ebc73f9cc1e20cbf37b
1811-Madison-1,1811,1811-11-05,madison,Madison,James Madison,Democratic-Republican,written,True,https://www.presidency.ucsb.edu/documents/third-annual-message-0,raw/ucsb/third-annual-message-0.html,2270,5385206eb0f2bad2dd4c7de879fa7e800cd326e4c4b1f7bcc0018649d367bfc2
1812-Madison-1,1812,1812-11-04,madison,Madison,James Madison,Democratic-Republican,written,True,https://www.presidency.ucsb.edu/documents/fourth-annual-message-0,raw/ucsb/fourth-annual-message-0.html,3238,e9034783e05a28e825e001c4e875c82327dcf3a6e8a4e1eeffee255359446762
1813-Madison-1,1813,1813-12-07,madison,Madison,James Madison,Democratic-Republican,written,True,https://www.presidency.ucsb.edu/documents/fifth-annual-message-0,raw/ucsb/fifth-annual-message-0.html,3257,877ec9deec8b00f8f9fc769392c4869be7d43673cee7d49f0ad6daf57f2c595c
1814-Madison-1,1814,1814-09-20,madison,Madison,James Madison,Democratic-Republican,written,True,https://www.presidency.ucsb.edu/documents/sixth-annual-message-0,raw/ucsb/sixth-annual-message-0.html,2108,ade66d2d13c9219de23948dd1f655d3fd25b3c6177678c5924e9be956ed5547f
1815-Madison-1,1815,1815-12-05,madison,Madison,James Madison,Democratic-Republican,written,True,https://www.presidency.ucsb.edu/documents/seventh-annual-message-0,raw/ucsb/seventh-annual-message-0.html,3143,319caa420ab640cad3e7862b2394e0c41cceb07e322653456594ef45afea916c
1816-Madison-1,1816,1816-12-03,madison,Madison,James Madison,Democratic-Republican,written,True,https://www.presidency.ucsb.edu/documents/eighth-annual-message-0,raw/ucsb/eighth-annual-message-0.html,3361,108c9bf3136d1dc4899beeaad49c863a566a87543241eb3b4b42dd31a8a42ee4
1817-Monroe-1,1817,1817-12-02,monroe,Monroe,James Monroe,Democratic-Republican,written,True,https://www.presidency.ucsb.edu/documents/first-annual-message-1,raw/ucsb/first-annual-message-1.html,4417,ad13ed620b4c08ff36abf406612c61539810f2fc0b49b5334c950361f4887b43
1818-Monroe-1,1818,1818-11-16,monroe,Monroe,James Monroe,Democratic-Republican,written,True,https://www.presidency.ucsb.edu/documents/second-annual-message-1,raw/ucsb/second-annual-message-1.html,4373,ff44885ddacc78d8829a1dd0d803ba7fceab3acf77aaa1cfeb5ebff2c91ff847
1819-Monroe-1,1819,1819-12-07,monroe,Monroe,James Monroe,Democratic-Republican,written,True,https://www.presidency.ucsb.edu/documents/third-annual-message-1,raw/ucsb/third-annual-message-1.html,4699,9d037d1fcb21cb2d36d2ab362a78ca8fa8109242b719f741fa4e479452bea5af
1820-Monroe-1,1820,1820-11-14,monroe,Monroe,James Monroe,Democratic-Republican,written,True,https://www.presidency.ucsb.edu/documents/fourth-annual-message-1,raw/ucsb/fourth-annual-message-1.html,3443,aca588c1e7e989b2527d3e29ae343f64aaa1ba0995fb725820ff9a250c2fac01
1821-Monroe-1,1821,1821-12-03,monroe,Monroe,James Monroe,Democratic-Republican,written,True,https://www.presidency.ucsb.edu/documents/fifth-annual-message-1,raw/ucsb/fifth-annual-message-1.html,5811,45737e09ef7b9cb78ff04ab27319ad47228310b44d3ec3c7b8193c5d41a92e44
1822-Monroe-1,1822,1822-12-03,monroe,Monroe,James Monroe,Democratic-Republican,written,True,https://www.presidency.ucsb.edu/documents/sixth-annual-message-1,raw/ucsb/sixth-annual-message-1.html,4315,2245b5595002dd0b4a0bf4fbb719645c87f4bd22f99d6ccda700cad3bc2b0cd2
1823-Monroe-1,1823,1823-12-02,monroe,Monroe,James Monroe,Democratic-Republican,written,True,https://www.presidency.ucsb.edu/documents/seventh-annual-message-1,raw/ucsb/seventh-annual-message-1.html,6316,c79c9283f309fb4f5e9c287d826a94c2feb751f1723e816bf3dc04cd80cc2424
1824-Monroe-1,1824,1824-12-07,monroe,Monroe,James Monroe,Democratic-Republican,written,True,https://www.presidency.ucsb.edu/documents/eighth-annual-message-1,raw/ucsb/eighth-annual-message-1.html,8256,527ab5d3d4c8e29e964cb61c35867808837dcc7def7e98c8862ba2070477641b
1825-Adams-1,1825,1825-12-06,adams-6,Adams,John Quincy Adams,Democratic-Republican,written,True,https://www.presidency.ucsb.edu/documents/first-annual-message-2,raw/ucsb/first-annual-message-2.html,8985,b2891860c9a21484dbbc0a2b7c3f4912a846c87b28b40c62edfaf2c13edd39ff
1826-Adams-1,1826,1826-12-05,adams-6,Adams,John Quincy Adams,Democratic-Republican,written,True,https://www.presidency.ucsb.edu/documents/second-annual-message-2,raw/ucsb/second-annual-message-2.html,7705,aa663c9d6a49da7237d7528e697445b65e604b4755db32f4d5d5e9974620f710
1827-Adams-1,1827,1827-12-04,adams-6,Adams,John Quincy Adams,Democratic-Republican,written,True,https://www.presidency.ucsb.edu/documents/third-annual-message-2,raw/ucsb/third-annual-message-2.html,6667,67ff04af428083708446cdd83b9c6c0fab3c952e567173d7319ba1ca93c68244
1828-Adams-1,1828,1828-12-02,adams-6,Adams,John Quincy Adams,Democratic-Republican,written,True,https://www.presidency.ucsb.edu/documents/fourth-annual-message-2,raw/ucsb/fourth-annual-message-2.html,7285,5443f45086066b1da9fb4109f5a0f5220dff2bfcd491346daef1d1709c443559
1829-Jackson-1,1829,1829-12-08,jackson,Jackson,Andrew Jackson,Democratic,written,True,https://www.presidency.ucsb.edu/documents/first-annual-message-3,raw/ucsb/first-annual-message-3.html,10527,e1ba28fece9e9f1c70693ba04d31243571ba2ad9ba7b4d5c8ae89735dfb08306
1830-Jackson-1,1830,1830-12-06,jackson,Jackson,Andrew Jackson,Democratic,written,True,https://www.presidency.ucsb.edu/documents/second-annual-message-3,raw/ucsb/second-annual-message-3.html,15116,e44f13dad5975141c7028a4d8d7b6e7f363375cfb4576878614150461b0dd4b5
1831-Jackson-1,1831,1831-12-06,jackson,Jackson,Andrew Jackson,Democratic,written,True,https://www.presidency.ucsb.edu/documents/third-annual-message-3,raw/ucsb/third-annual-message-3.html,7180,f4863418769199244df64c371086e76204fffc1cd8a6f639edcd15f5d0547053
1832-Jackson-1,1832,1832-12-04,jackson,Jackson,Andrew Jackson,Democratic,written,True,https://www.presidency.ucsb.edu/documents/fourth-annual-message-3,raw/ucsb/fourth-annual-message-3.html,7865,1d555ec9411d1b19c73a540d0ed66115ce6c10289e4911cbb1e99ea87d8a5938
1833-Jackson-1,1833,1833-12-03,jackson,Jackson,Andrew Jackson,Democratic,written,True,https://www.presidency.ucsb.edu/documents/fifth-annual-message-2,raw/ucsb/fifth-annual-message-2.html,7892,92775978317ad15c7caa66fc10ecae235fc787e3f9ca1ffe4769a6e33dce7785
1834-Jackson-1,1834,1834-12-01,jackson,Jackson,Andrew Jackson,Democratic,written,True,https://www.presidency.ucsb.edu/documents/sixth-annual-message-2,raw/ucsb/sixth-annual-message-2.html,13261,43c3294650bccaf453b6fb8e431f8a232d9d579439b8b884b50eb42f7a4c033a
1835-Jackson-1,1835,1835-12-08,jackson,Jackson,Andrew Jackson,Democratic,written,True,https://www.presidency.ucsb.edu/documents/seventh-annual-message-2,raw/ucsb/seventh-annual-message-2.html,15619,c788f189b6a9ea68d8b34522fe0bbe5451315055a087cafcbbc1807a45808475
1836-Jackson-1,1836,1836-12-06,jackson,Jackson,Andrew Jackson,Democratic,written,True,https://www.presidency.ucsb.edu/documents/eighth-annual-message-2,raw/ucsb/eighth-annual-message-2.html,12369,4e6f8f3e9f56040dee7c24dcc699d905e41c95a2e4ddcbf6094dc7791b1f5026
1837-VanBuren-1,1837,1837-12-05,van-buren,Van Buren,Martin Van Buren,Democratic,written,True,https://www.presidency.ucsb.edu/documents/first-annual-message-4,raw/ucsb/first-annual-message-4.html,11435,68683bf3e5f4ffba700cb314fc085209ee09b7eb1bd25bb644bad9fd37675391
1838-VanBuren-1,1838,1838-12-03,van-buren,Van Buren,Martin Van Buren,Democratic,written,True,https://www.presidency.ucsb.edu/documents/second-annual-message-4,raw/ucsb/second-annual-message-4.html,11475,8d7cc92c597ea597aa28e851f6110791b536acd474e4ba01643327f4ffb64661
1839-VanBuren-1,1839,1839-12-02,van-buren,Van Buren,Martin Van Buren,Democratic,written,True,https://www.presidency.ucsb.edu/documents/third-annual-message-4,raw/ucsb/third-annual-message-4.html,13416,c5cfcae3734802dbbd44c28684e57878b858bb20585a678f221bca2f6d8dd032
1840-VanBuren-1,1840,1840-12-05,van-buren,Van Buren,Martin Van Buren,Democratic,written,True,https://www.presidency.ucsb.edu/documents/fourth-annual-message-4,raw/ucsb/fourth-annual-message-4.html,8976,99ef93c3e24c0b419bb7a7c5c88a72b53c141492eafb73e09d97cf7cda6eb73d
1841-Tyler-1,1841,1841-12-07,tyler,Tyler,John Tyler,Whig,written,True,https://www.presidency.ucsb.edu/documents/first-annual-message-5,raw/ucsb/first-annual-message-5.html,8240,f48f5ac4580bf7919bd813fe2c1a93e0103d7ef064966757484151f6d6968863
1842-Tyler-1,1842,1842-12-06,tyler,Tyler,John Tyler,Whig,written,True,https://www.presidency.ucsb.edu/documents/second-annual-message-5,raw/ucsb/second-annual-message-5.html,8401,6871fba4ae11513ef408897bd6a5e813647ddbd43d84030feeb22f4d2e586532
1843-Tyler-1,1843,1843-12-05,tyler,Tyler,John Tyler,Whig,written,True,https://www.presidency.ucsb.edu/documents/third-annual-message-5,raw/ucsb/third-annual-message-5.html,8026,5efa7f313bbe2b46e4b72f992a46f565e262849c807dee0b334f7f7cf460e608
1844-Tyler-1,1844,1844-12-03,tyler,Tyler,John Tyler,Whig,written,True,https://www.presidency.ucsb.edu/documents/fourth-annual-message-5,raw/ucsb/fourth-annual-message-5.html,9313,ffd23d2f93e6ce107cda0525e675118fd4b449478df18f200248a21dae4504a2
1845-Polk-1,1845,1845-12-02,polk,Polk,James K. Polk,Democratic,written,True,https://www.presidency.ucsb.edu/documents/first-annual-message-6,raw/ucsb/first-annual-message-6.html,16107,4b0d19010af715283fc3cfc307abc7702efd64580fbe82d770aeb9d395fd0bb8
1846-Polk-1,1846,1846-12-08,polk,Polk,James K. Polk,Democratic,written,True,https://www.presidency.ucsb.edu/documents/second-annual-message-6,raw/ucsb/second-annual-message-6.html,18218,9cea2b2af649c2048c1899e1a2c9c4d54dd6b5ce47a0c1b9f3278010c964f0f5
1847-Polk-1,1847,1847-12-07,polk,Polk,James K. Polk,Democratic,written,True,https://www.presidency.ucsb.edu/documents/third-annual-message-6,raw/ucsb/third-annual-message-6.html,16407,328c7efc657acf0186f1a42854a01eec8b642197041096099bde7914e0fbe52e
1848-Polk-1,1848,1848-12-05,polk,Polk,James K. Polk,Democratic,written,True,https://www.presidency.ucsb.edu/documents/fourth-annual-message-6,raw/ucsb/fourth-annual-message-6.html,21293,7f72264bd9ec7b5880b9a2967cfdac5b722e51961ef0c699f8aef13a167bdcec
1849-Taylor-1,1849,1849-12-04,taylor,Taylor,Zachary Taylor,Whig,written,True,https://www.presidency.ucsb.edu/documents/annual-message,raw/ucsb/annual-message.html,7620,b71cc8b760a28d016a8fb950f8e070ab2dd948f5de9195b26211b6225d15dfe7
1850-Fillmore-1,1850,1850-12-02,fillmore,Fillmore,Millard Fillmore,Whig,written,True,https://www.presidency.ucsb.edu/documents/first-annual-message-7,raw/ucsb/first-annual-message-7.html,8318,3a97c5f67017c59010186aacf7698e22aba7bb1f9f6711b22dd015153eb21bfc
1851-Fillmore-1,1851,1851-12-02,fillmore,Fillmore,Millard Fillmore,Whig,written,True,https://www.presidency.ucsb.edu/documents/second-annual-message-7,raw/ucsb/second-annual-message-7.html,13244,522fde349234215ac36d7b8065dba9464eebec148b09169c505f4595439f5389
1852-Fillmore-1,1852,1852-12-06,fillmore,Fillmore,Millard Fillmore,Whig,written,True,https://www.presidency.ucsb.edu/documents/third-annual-message-7,raw/ucsb/third-annual-message-7.html,9923,bac210a1260fad81a04686746e77e8410914323a267a9335e94682dc19a4459a
1853-Pierce-1,1853,1853-12-05,pierce,Pierce,Franklin Pierce,Democratic,written,True,https://www.presidency.ucsb.edu/documents/first-annual-message-8,raw/ucsb/first-annual-message-8.html,9586,f52af718e96fb01409988036f422e01231b27ae8e789a68e8e5edd4fbf83fa45
1854-Pierce-1,1854,1854-12-04,pierce,Pierce,Franklin Pierce,Democratic,written,True,https://www.presidency.ucsb.edu/documents/second-annual-message-8,raw/ucsb/second-annual-message-8.html,10134,cb1d961da745784426be23ee5186afc1a466031a44f3e42f8a94cf4a588716d4
1855-Pierce-1,1855,1855-12-31,pierce,Pierce,Franklin Pierce,Democratic,written,True,https://www.presidency.ucsb.edu/documents/third-annual-message-8,raw/ucsb/third-annual-message-8.html,11610,0435ebf39f6cfd9179d9e75b98f319eaeb7a7da9154e4c069258a990edd3a9ea
1856-Pierce-1,1856,1856-12-02,pierce,Pierce,Franklin Pierce,Democratic,written,True,https://www.presidency.ucsb.edu/documents/fourth-annual-message-7,raw/ucsb/fourth-annual-message-7.html,10472,050d00750566282f7ab23b1dfebe30dcde2b8b13bac6453fed35857b77416c81
1857-Buchanan-1,1857,1857-12-08,buchanan,Buchanan,James Buchanan,Democratic,written,True,https://www.presidency.ucsb.edu/documents/first-annual-message-congress-the-state-the-union,raw/ucsb/first-annual-message-congress-the-state-the-union.html,13651,e25202c4bb55a79caff4af12da78419155eabf0e5f128455a67201893a3e20df
1858-Buchanan-1,1858,1858-12-06,buchanan,Buchanan,James Buchanan,Democratic,written,True,https://www.presidency.ucsb.edu/documents/second-annual-message-congress-the-state-the-union,raw/ucsb/second-annual-message-congress-the-state-the-union.html,16347,77405969d5b7c76483e2110fe8e37841ca52534eba5c266585e6bf5066c51dab
1859-Buchanan-1,1859,1859-12-19,buchanan,Buchanan,James Buchanan,Democratic,written,True,https://www.presidency.ucsb.edu/documents/third-annual-message-congress-the-state-the-union,raw/ucsb/third-annual-message-congress-the-state-the-union.html,12334,70505cf98678aa3650249dc8ccb24c48c41de5d0fe169a76cc819e15a78ae4bd
1860-Buchanan-1,1860,1860-12-03,buchanan,Buchanan,James Buchanan,Democratic,written,True,https://www.presidency.ucsb.edu/documents/fourth-annual-message-congress-the-state-the-union,raw/ucsb/fourth-annual-message-congress-the-state-the-union.html,14036,411532d8535698bb6bbd1654d37f9f3657933d342b70ba32543e1e4bb36670e9
1861-Lincoln-1,1861,1861-12-03,lincoln,Lincoln,Abraham Lincoln,Republican,written,True,https://www.presidency.ucsb.edu/documents/first-annual-message-9,raw/ucsb/first-annual-message-9.html,6977,e1110b05ba0ff6faf01a884d9c3d0368efb76f1420529a031c8bb937bd6e8136
1862-Lincoln-1,1862,1862-12-01,lincoln,Lincoln,Abraham Lincoln,Republican,written,True,https://www.presidency.ucsb.edu/documents/second-annual-message-9,raw/ucsb/second-annual-message-9.html,8283,55514a382c2dc641783dbe0325b4b7d1a3570d35e9c9bb22c575292f5e93a061
1863-Lincoln-1,1863,1863-12-08,lincoln,Lincoln,Abraham Lincoln,Republican,written,True,https://www.presidency.ucsb.edu/documents/third-annual-message-9,raw/ucsb/third-annual-message-9.html,6118,d9d48d62bdff101cbb42eca6360a995aebc497ab27b6bd6cf659057ca7b93edb
1864-Lincoln-1,1864,1864-12-06,lincoln,Lincoln,Abraham Lincoln,Republican,written,True,https://www.presidency.ucsb.edu/documents/fourth-annual-message-8,raw/ucsb/fourth-annual-message-8.html,5875,d4725466e37209e11f1be9f6e10e4e1fae13204e692ee166757632a8ab41eb9f
1865-Johnson-1,1865,1865-12-04,johnson-17,Johnson,Andrew Johnson,National Union,written,True,https://www.presidency.ucsb.edu/documents/first-annual-message-10,raw/ucsb/first-annual-message-10.html,9220,189bca84839f470b4b8bb1ad0ab93b2812c018bfebba032492d8d48a058f6fe8
1866-Johnson-1,1866,1866-12-03,johnson-17,Johnson,Andrew Johnson,National Union,written,True,https://www.presidency.ucsb.edu/documents/second-annual-message-10,raw/ucsb/second-annual-message-10.html,7127,4f275be61cb971a3947d7e5ea1ab302d3ac6f6582eb8bd2d0a0fcaf501ec9e10
1867-Johnson-1,1867,1867-12-03,johnson-17,Johnson,Andrew Johnson,National Union,written,True,https://www.presidency.ucsb.edu/documents/third-annual-message-10,raw/ucsb/third-annual-message-10.html,11983,5b45e6efa845f5cde055d7dfe787eb6afd4c0ff32b76f01d2ea4e4af69e82928
1868-Johnson-1,1868,1868-12-09,johnson-17,Johnson,Andrew Johnson,National Union,written,True,https://www.presidency.ucsb.edu/documents/fourth-annual-message-9,raw/ucsb/fourth-annual-message-9.html,9819,31a5193dbd4fb7932328418b936b7307cf00eb39997b3cc5d25047dbcfb991f3
1869-Grant-1,1869,1869-12-06,grant,Grant,Ulysses S. Grant,Republican,written,True,https://www.presidency.ucsb.edu/documents/first-annual-message-11,raw/ucsb/first-annual-message-11.html,7687,94302d532293fc34fd0055e2900088f762c51a831baa280563fe14acbefb49be
1870-Grant-1,1870,1870-12-05,grant,Grant,Ulysses S. Grant,Republican,written,True,https://www.presidency.ucsb.edu/documents/second-annual-message-11,raw/ucsb/second-annual-message-11.html,8733,6d967e79dc39c48b6a34dc59bee04d8dfa800b9557947d686395d5e726ee741e
1871-Grant-1,1871,1871-12-04,grant,Grant,Ulysses S. Grant,Republican,written,True,https://www.presidency.ucsb.edu/documents/third-annual-message-11,raw/ucsb/third-annual-message-11.html,6455,1ee9c8cedf14779364b6691c6e95946c8d1515f78f8d702c6710ecae694fef97
1872-Grant-1,1872,1872-12-02,grant,Grant,Ulysses S. Grant,Republican,written,True,https://www.presidency.ucsb.edu/documents/fourth-annual-message-10,raw/ucsb/fourth-annual-message-10.html,9810,309da94c61d411b87fc61949a7acdc9b9926b5e43096ede656349f2843019acb
1873-Grant-1,1873,1873-12-01,grant,Grant,Ulysses S. Grant,Republican,written,True,https://www.presidency.ucsb.edu/documents/fifth-annual-message-3,raw/ucsb/fifth-annual-message-3.html,10022,fcb61d0cc6c4d1bbb45a471ba6db0e57378bb3e23ca951fb383e57f223bc55ef
1874-Grant-1,1874,1874-12-07,grant,Grant,Ulysses S. Grant,Republican,written,True,https://www.presidency.ucsb.edu/documents/sixth-annual-message-3,raw/ucsb/sixth-annual-message-3.html,9719,ad89357ef7cc4d2c099996c938bdbc981b5d47f6ad08cde5538d7ba7c056f407
1875-Grant-1,1875,1875-12-07,grant,Grant,Ulysses S. Grant,Republican,written,True,https://www.presidency.ucsb.edu/documents/seventh-annual-message-3,raw/ucsb/seventh-annual-message-3.html,12200,07db716357e09db03956d058dd9cd46c0402943bc8ad2ed7cffe2f3612ecb543
1876-Grant-1,1876,1876-12-05,grant,Grant,Ulysses S. Grant,Republican,written,True,https://www.presidency.ucsb.edu/documents/eighth-annual-message-3,raw/ucsb/eighth-annual-message-3.html,6790,7485a59edf14cb2d9dc58d8893f59def4e02bdc09fca3951ca230b357ed0c5e4
1877-Hayes-1,1877,1877-12-03,hayes,Hayes,Rutherford B. Hayes,Republican,written,True,https://www.presidency.ucsb.edu/documents/first-annual-message-12,raw/ucsb/first-annual-message-12.html,10663,3c84fcde83ab3fdc02a6060ed6219816a91af12cf7610608e96f1ff1b286a173
1878-Hayes-1,1878,1878-12-02,hayes,Hayes,Rutherford B. Hayes,Republican,written,True,https://www.presidency.ucsb.edu/documents/second-annual-message-12,raw/ucsb/second-annual-message-12.html,7878,60d010daa194967e2bdb86e2cc55a0b8f6172291427e1f81bd41af3d43a8c809
1879-Hayes-1,1879,1879-12-01,hayes,Hayes,Rutherford B. Hayes,Republican,written,True,https://www.presidency.ucsb.edu/documents/third-annual-message-12,raw/ucsb/third-annual-message-12.html,11633,578d44f0c19f5302b0b16b86f79b500cba350ebdbc0326ba752db6d8a8347e1c
1880-Hayes-1,1880,1880-12-06,hayes,Hayes,Rutherford B. Hayes,Republican,written,True,https://www.presidency.ucsb.edu/documents/fourth-annual-message-11,raw/ucsb/fourth-annual-message-11.html,13129,31240b96aa42f91997217043a7e9ba038e42fe577f47500ab1305cf016a7e1d6
1881-Arthur-1,1881,1881-12-06,arthur,Arthur,Chester A. Arthur,Republican,written,True,https://www.presidency.ucsb.edu/documents/first-annual-message-13,raw/ucsb/first-annual-message-13.html,13043,f0f9ba55e3eae6cb60158586204f2240060e9025ac7870cfd9ba20433aabc15b
1882-Arthur-1,1882,1882-12-04,arthur,Arthur,Chester A. Arthur,Republican,written,True,https://www.presidency.ucsb.edu/documents/second-annual-message-13,raw/ucsb/second-annual-message-13.html,9873,48fd45e09e6ce7fcf609dc238b39de017791151df9bde752607d6c48bf15a2be
1883-Arthur-1,1883,1883-12-04,arthur,Arthur,Chester A. Arthur,Republican,written,True,https://www.presidency.ucsb.edu/documents/third-annual-message-13,raw/ucsb/third-annual-message-13.html,7890,cc288986155baf4a12f3904e2eceedbaa80b2f9a765da4f832b5eb6bbc6ac14a
1884-Arthur-1,1884,1884-12-01,arthur,Arthur,Chester A. Arthur,Republican,written,True,https://www.presidency.ucsb.edu/documents/fourth-annual-message-12,raw/ucsb/fourth-annual-message-12.html,8742,9d27b5a02f1d78d9a341bf243bc96fa9ea13dbc20debd110b0c23c7f42039306
1885-Cleveland-1,1885,1885-12-08,cleveland-22,Cleveland,Grover Cleveland,Democratic,written,True,https://www.presidency.ucsb.edu/documents/first-annual-message-first-term,raw/ucsb/first-annual-message-first-term.html,19745,43db1632638c38d6582b1c6dedf91b59392e14da9460a17ffcac619eff803031
1886-Cleveland-1,1886,1886-12-06,cleveland-22,Cleveland,Grover Cleveland,Democratic,written,True,https://www.presidency.ucsb.edu/documents/second-annual-message-first-term,raw/ucsb/second-annual-message-first-term.html,15134,6514e12bef54f205d41cb4624c9dd9aa31787ef50353a67fef397b7e3080bafa
1887-Cleveland-1,1887,1887-12-06,cleveland-22,Cleveland,Grover Cleveland,Democratic,written,True,https://www.presidency.ucsb.edu/documents/third-annual-message-first-term,raw/ucsb/third-annual-message-first-term.html,5289,ce11f1b00a2eb8677b32e86f6a4be9c920d23fecd6e4a7c291d017e0f2379121
1888-Cleveland-1,1888,1888-12-03,cleveland-22,Cleveland,Grover Cleveland,Democratic,written,True,https://www.presidency.ucsb.edu/documents/fourth-annual-message-first-term,raw/ucsb/fourth-annual-message-first-term.html,13181,17cc85a5bf95124877fc9764e0b2b0ebb6ce7920137141cb90895869cbeac1fa
1889-Harrison-1,1889,1889-12-03,harrison-23,Harrison,Benjamin Harrison,Republican,written,True,https://www.presidency.ucsb.edu/documents/first-annual-message-14,raw/ucsb/first-annual-message-14.html,12983,f9ed762d9bbc1f50e4bfa277547c580d7fe967dbc86e14bb107ec992e09702d8
1890-Harrison-1,1890,1890-12-01,harrison-23,Harrison,Benjamin Harrison,Republican,written,True,https://www.presidency.ucsb.edu/documents/second-annual-message-14,raw/ucsb/second-annual-message-14.html,11520,c51c822d493a18f2a505ca887bde065da10f9ff046faac7eeca9fbe8ea3e8b2b
1891-Harrison-1,1891,1891-12-09,harrison-23,Harrison,Benjamin Harrison,Republican,written,True,https://www.presidency.ucsb.edu/documents/third-annual-message-14,raw/ucsb/third-annual-message-14.html,16291,15249bc550ee5562e57de3ce0d339e4ebc1828a59355a31805098bcfb1b1ad55
1892-Harrison-1,1892,1892-12-06,harrison-23,Harrison,Benjamin Harrison,Republican,written,True,https://www.presidency.ucsb.edu/documents/fourth-annual-message-13,raw/ucsb/fourth-annual-message-13.html,13676,59db99d01213db5a057b08ee82cad6ac46cfb99b17c0542950eecd9ee23cc8f6
1893-Cleveland-1,1893,1893-12-04,cleveland-24,Cleveland,Grover Cleveland,Democratic,written,True,https://www.presidency.ucsb.edu/documents/first-annual-message-second-term,raw/ucsb/first-annual-message-second-term.html,12281,3ac5ef0aecea20850b550476eb8ae99b0f02eff8daede4c25066cca3be3399ef
1894-Cleveland-1,1894,1894-12-03,cleveland-24,Cleveland,Grover Cleveland,Democratic,written,True,https://www.presidency.ucsb.edu/documents/second-annual-message-second-term,raw/ucsb/second-annual-message-second-term.html,15890,1f2cee350638622844a45faef80b05bd35cddc93f7baf73e3560318ee8dac00f
1895-Cleveland-1,1895,1895-12-02,cleveland-24,Cleveland,Grover Cleveland,Democratic,written,True,https://www.presidency.ucsb.edu/documents/third-annual-message-second-term,raw/ucsb/third-annual-message-second-term.html,14669,0020b6a2f21cbcd20f4d4c068f7c02aef9574d81e4bc9dbe155d2dedc01de9ec
1896-Cleveland-1,1896,1896-12-07,cleveland-24,Cleveland,Grover Cleveland,Democratic,written,True,https://www.presidency.ucsb.edu/documents/fourth-annual-message-second-term,raw/ucsb/fourth-annual-message-second-term.html,15332,2589d7f40f911ce04d02dd470aa178ddad5e6561fe8b34d5b7e8ab9bf9682bee
1897-McKinley-1,1897,1897-12-06,mckinley,McKinley,William McKinley,Republican,written,True,https://www.presidency.ucsb.edu/documents/first-annual-message-15,raw/ucsb/first-annual-message-15.html,12111,4bd3747d3447a67413fd348014e1d9354e20e4e250d553850141a3da1d2fd453
1898-McKinley-1,1898,1898-12-05,mckinley,McKinley,William McKinley,Republican,written,True,https://www.presidency.ucsb.edu/documents/second-annual-message-15,raw/ucsb/second-annual-message-15.html,20209,2196981e83f36f411d19536f86a295433599f1c16772126434bb6ecb5d0fe274
1899-McKinley-1,1899,1899-12-05,mckinley,McKinley,William McKinley,Republican,written,True,https://www.presidency.ucsb.edu/documents/third-annual-message-15,raw/ucsb/third-annual-message-15.html,22797,22181ceff42bc2067367fbceaa4919dbd1a9167bdb8eaaf873fafaaa9812b891
1900-McKinley-1,1900,1900-12-03,mckinley,McKinley,William McKinley,Republican,written,True,https://www.presidency.ucsb.edu/documents/fourth-annual-message-14,raw/ucsb/fourth-annual-message-14.html,19138,6dc1e84808e8c1db19f13cd7822781e960223bfdb6594503745b050ff55ab9c0
1901-Roosevelt-1,1901,1901-12-03,roosevelt-26,Roosevelt,Theodore Roosevelt,Republican,written,True,https://www.presidency.ucsb.edu/documents/first-annual-message-16,raw/ucsb/first-annual-message-16.html,19588,f1c8a6b6d56d7ba4cd865cb0f5230174eaf5bbb21b6f0ff6563beede9dd25571
1902-Roosevelt-1,1902,1902-12-02,roosevelt-26,Roosevelt,Theodore Roosevelt,Republican,written,True,https://www.presidency.ucsb.edu/documents/second-annual-message-16,raw/ucsb/second-annual-message-16.html,9758,5f3872f444a8d60704ead30bf812acf46304cd8e2a034fa5e4bfc1c807b2fac4
1903-Roosevelt-1,1903,1903-12-07,roosevelt-26,Roosevelt,Theodore Roosevelt,Republican,written,True,https://www.presidency.ucsb.edu/documents/third-annual-message-16,raw/ucsb/third-annual-message-16.html,14596,0bf37b610d77a63b564e54392fec48490f6935f4eb52f2b5507e9adf4079a0c5
1904-Roosevelt-1,1904,1904-12-06,roosevelt-26,Roosevelt,Theodore Roosevelt,Republican,written,True,https://www.presidency.ucsb.edu/documents/fourth-annual-message-15,raw/ucsb/fourth-annual-message-15.html,17403,4b314d184b4ec0f8f713efd07b21d3112559934024a61699922e21e09841405a
1905-Roosevelt-1,1905,1905-12-05,roosevelt-26,Roosevelt,Theodore Roosevelt,Republican,written,True,https://www.presidency.ucsb.edu/documents/fifth-annual-message-4,raw/ucsb/fifth-annual-message-4.html,25033,4dbe74cb4b53c41931a3da194329f40e19a340c191503143e7d98366397771fd
1906-Roosevelt-1,1906,1906-12-03,roosevelt-26,Roosevelt,Theodore Roosevelt,Republican,written,True,https://www.presidency.ucsb.edu/documents/sixth-annual-message-4,raw/ucsb/sixth-annual-message-4.html,23575,80a5f83847c2c3203a9e3be0f6a7fd01b657032410be2f057c9c8b0dd849272f
1907-Roosevelt-1,1907,1907-12-03,roosevelt-26,Roosevelt,Theodore Roosevelt,Republican,written,True,https://www.presidency.ucsb.edu/documents/seventh-annual-message-4,raw/ucsb/seventh-annual-message-4.html,27374,98a804919e48a4d325d1005ee6a524e55759cc25f8435e28e9e454e8db680768
1908-Roosevelt-1,1908,1908-12-08,roosevelt-26,Roosevelt,Theodore Roosevelt,Republican,written,True,https://www.presidency.ucsb.edu/documents/eighth-annual-message-4,raw/ucsb/eighth-annual-message-4.html,19384,d6c70d8ee6f82f50c8eb2f1af2972159f7b00b1693e37de8086a5ba2a91fa0bd
1909-Taft-1,1909,1909-12-07,taft,Taft,William Howard Taft,Republican,written,True,https://www.presidency.ucsb.edu/documents/first-annual-message-17,raw/ucsb/first-annual-message-17.html,13892,935625620522b49ce83dd0b1f3837116cf8c575fb56ccb55a67568676e897097
1910-Taft-1,1910,1910-12-06,taft,Taft,William Howard Taft,Republican,written,True,https://www.presidency.ucsb.edu/documents/second-annual-message-17,raw/ucsb/second-annual-message-17.html,27281,ed2697ed0f4cfc2eb671d792c83ad7a05171cf28bcec43aa077a4b061afbcdeb
1911-Taft-1,1911,1911-12-05,taft,Taft,William Howard Taft,Republican,written,True,https://www.presidency.ucsb.edu/documents/third-annual-message-17,raw/ucsb/third-annual-message-17.html,23725,0daa35aafaad3a4ea94b8b82f010e195d2cd023488cf0ed95f87fd8b4e22c99c
1912-Taft-1,1912,1912-12-03,taft,Taft,William Howard Taft,Republican,written,True,https://www.presidency.ucsb.edu/documents/fourth-annual-message-16,raw/ucsb/fourth-annual-message-16.html,25134,93cfd3d11f68fdd5726bd4fe6053115d7f538813787b55d55e8f328178af7289
1913-Wilson-1,1913,1913-12-02,wilson,Wilson,Woodrow Wilson,Democratic,spoken,True,https://www.presidency.ucsb.edu/documents/first-annual-message-18,raw/ucsb/first-annual-message-18.html,3553,88503f64167fa7acadaa0f71edd5a707ec6e9c0e282b5c7b8806bd8c9b978b89
1914-Wilson-1,1914,1914-12-08,wilson,Wilson,Woodrow Wilson,Democratic,spoken,True,https://www.presidency.ucsb.edu/documents/second-annual-message-19,raw/ucsb/second-annual-message-19.html,4535,71e80cce3ab9fc949506fa671988f34a0a8cea2621254e901bfe91ac53e4a5d9
1915-Wilson-1,1915,1915-12-07,wilson,Wilson,Woodrow Wilson,Democratic,spoken,True,https://www.presidency.ucsb.edu/documents/third-annual-message-19,raw/ucsb/third-annual-message-19.html,7685,73f16ad24ac20aa36c0e6c99ae37908673ac28738eab102f0490bd5fd3264998
1916-Wilson-1,1916,1916-12-05,wilson,Wilson,Woodrow Wilson,Democratic,spoken,True,https://www.presidency.ucsb.edu/documents/fourth-annual-message-18,raw/ucsb/fourth-annual-message-18.html,2118,35736d8a6d05c118e7dd521ec82848d5493e3c5fddcd3734d77bc5d7e530f67e
1917-Wilson-1,1917,1917-12-04,wilson,Wilson,Woodrow Wilson,Democratic,spoken,True,https://www.presidency.ucsb.edu/documents/fifth-annual-message-6,raw/ucsb/fifth-annual-message-6.html,3912,685653cd82336c77b55925678b4102da8ebaa6cda9e4b91b13077e999df653e3
1918-Wilson-1,1918,1918-12-02,wilson,Wilson,Woodrow Wilson,Democratic,spoken,True,https://www.presidency.ucsb.edu/documents/sixth-annual-message-6,raw/ucsb/sixth-annual-message-6.html,5464,5bbbcc9816cb4226fabb7f1d4d094a92723880d1bcdca26f1385bc3fdb477eb1
1919-Wilson-1,1919,1919-12-02,wilson,Wilson,Woodrow Wilson,Democratic,spoken,True,https://www.presidency.ucsb.edu/documents/7th-annual-message,raw/ucsb/7th-annual-message.html,4755,d1217cd3b1f27b4216b53791ec0722feca66372bbb47f2a04c33e6da1b94778a
1920-Wilson-1,1920,1920-12-07,wilson,Wilson,Woodrow Wilson,Democratic,spoken,True,https://www.presidency.ucsb.edu/documents/8th-annual-message,raw/ucsb/8th-annual-message.html,2706,6aee5256760df2188ca3a903e506158f2c74aff9cf1c13c46602401df8a80a50
1921-Harding-1,1921,1921-12-06,harding,Harding,Warren G. Harding,Republican,spoken,True,https://www.presidency.ucsb.edu/documents/first-annual-message-19,raw/ucsb/first-annual-message-19.html,5607,d9e4065d3a30a48826e8d50ecea5949bb5297c06d3e9ddcb8a3a67df5fdbe08d
1922-Harding-1,1922,1922-12-08,harding,Harding,Warren G. Harding,Republican,spoken,True,https://www.presidency.ucsb.edu/documents/second-annual-message-20,raw/ucsb/second-annual-message-20.html,5745,322d126de1a1aaf099bc6178a289af7092c71e9ffce1f2c295cd7350bf9248f6
1923-Coolidge-1,1923,1923-12-06,coolidge,Coolidge,Calvin Coolidge,Republican,spoken,True,https://www.presidency.ucsb.edu/documents/first-annual-message-20,raw/ucsb/first-annual-message-20.html,6700,29617509eedffd511a929308eba0710961995ed164afaca721193a33683b5024
1924-Coolidge-1,1924,1924-12-03,coolidge,Coolidge,Calvin Coolidge,Republican,written,True,https://www.presidency.ucsb.edu/documents/second-annual-message-18,raw/ucsb/second-annual-message-18.html,6967,f901cd42aab6c55a6ae3537a153a1ea4bd7c348e427a175701d85c76daf18cc4
1925-Coolidge-1,1925,1925-12-08,coolidge,Coolidge,Calvin Coolidge,Republican,spoken,True,https://www.presidency.ucsb.edu/documents/third-annual-message-18,raw/ucsb/third-annual-message-18.html,10846,fa8bdedb7b675e8bf217775dd339be538cc000c58efe90d4b8b7cad39ee6e2ce
1926-Coolidge-1,1926,1926-12-07,coolidge,Coolidge,Calvin Coolidge,Republican,spoken,True,https://www.presidency.ucsb.edu/documents/fourth-annual-message-17,raw/ucsb/fourth-annual-message-17.html,10310,c8d5acc6c888a9ad6263aca3394a50447ab217262480c73aec87934544befdf2
1927-Coolidge-1,1927,1927-12-06,coolidge,Coolidge,Calvin Coolidge,Republican,spoken,True,https://www.presidency.ucsb.edu/documents/fifth-annual-message-5,raw/ucsb/fifth-annual-message-5.html,8777,ccbfa5a298680fd6c8cd5e0914a9cbb9123bcd1fa107fc65e8f2b230da272bda
1928-Coolidge-1,1928,1928-12-04,coolidge,Coolidge,Calvin Coolidge,Republican,spoken,True,https://www.presidency.ucsb.edu/documents/sixth-annual-message-5,raw/ucsb/sixth-annual-message-5.html,8057,8846429e9151eaf91820497b3fc67b5d0712f50c908fad7eae42e82c2a693522
1929-Hoover-1,1929,1929-12-03,hoover,Hoover,Herbert Hoover,Republican,spoken,True,https://www.presidency.ucsb.edu/documents/annual-message-congress-the-state-the-union-0,raw/ucsb/annual-message-congress-the-state-the-union-0.html,10995,a487ea8c8b02c7f242ec6f836a51670eb3fad5966d9d318bac471044ab5fd775
1930-Hoover-1,1930,1930-12-02,hoover,Hoover,Herbert Hoover,Republican,written,True,https://www.presidency.ucsb.edu/documents/annual-message-the-congress-the-state-the-union-22,raw/ucsb/annual-message-the-congress-the-state-the-union-22.html,4542,3ee7c7c40bb60d4ccd6df1ddaf7fbae610c5750751c0cd6fd1258e9bde7d18e9
1931-Hoover-1,1931,1931-12-08,hoover,Hoover,Herbert Hoover,Republican,written,True,https://www.presidency.ucsb.edu/documents/annual-message-the-congress-the-state-the-union-24,raw/ucsb/annual-message-the-congress-the-state-the-union-24.html,5688,89f1c1fda0348e259bf13897a0769fd00762be6d7abd130ac9643a1381661fc3
1932-Hoover-1,1932,1932-12-06,hoover,Hoover,Herbert Hoover,Republican,written,True,https://www.presidency.ucsb.edu/documents/annual-message-the-congress-the-state-the-union-23,raw/ucsb/annual-message-the-congress-the-state-the-union-23.html,4210,696ac5d73f299d7ef8c900fa1d53330e1c8f99dedb850c743ed0f71eb9f2e120
1934-Roosevelt-1,1934,1934-01-03,roosevelt-32,Roosevelt,Franklin D. Roosevelt,Democratic,spoken,True,https://www.presidency.ucsb.edu/documents/annual-message-congress-4,raw/ucsb/annual-message-congress-4.html,2223,26f5aa6d0d04e658c1d4d5ff5879068e386074481cf9ec3b41c0763412eb02e3
1935-Roosevelt-1,1935,1935-01-04,roosevelt-32,Roosevelt,Franklin D. Roosevelt,Democratic,spoken,True,https://www.presidency.ucsb.edu/documents/annual-message-congress-3,raw/ucsb/annual-message-congress-3.html,3517,1ffd3c9ddbff3be019993da94a9eef111d3253d49376cd68f42fecf6fffe423f
1936-Roosevelt-1,1936,1936-01-03,roosevelt-32,Roosevelt,Franklin D. Roosevelt,Democratic,spoken,True,https://www.presidency.ucsb.edu/documents/annual-message-congress-2,raw/ucsb/annual-message-congress-2.html,3814,dcb7d32d239522ab80edb3e9179c4ba82ca99dda73594457c8c1d2221d35432e
1937-Roosevelt-1,1937,1937-01-06,roosevelt-32,Roosevelt,Franklin D. Roosevelt,Democratic,spoken,True,https://www.presidency.ucsb.edu/documents/annual-message-congress-1,raw/ucsb/annual-message-congress-1.html,2730,b1139ce624bb2b60b9e0321ed864e1c1d2565a8db94473d5e659ce6555530a41
1938-Roosevelt-1,1938,1938-01-03,roosevelt-32,Roosevelt,Franklin D. Roosevelt,Democratic,spoken,True,https://www.presidency.ucsb.edu/documents/annual-message-congress-0,raw/ucsb/annual-message-congress-0.html,4677,56cfe2c8dcb364f53d065ad76c24f1ba105251b0a14ff7853db38dcd0cdf8931
1939-Roosevelt-1,1939,1939-01-04,roosevelt-32,Roosevelt,Franklin D. Roosevelt,Democratic,spoken,True,https://www.presidency.ucsb.edu/documents/annual-message-congress,raw/ucsb/annual-message-congress.html,3737,2cda0a514f7de74442060ff3072b63b79a12b994544746fa93ae168535e3d4b9
1940-Roosevelt-1,1940,1940-01-03,roosevelt-32,Roosevelt,Franklin D. Roosevelt,Democratic,spoken,True,https://www.presidency.ucsb.edu/documents/annual-message-the-congress,raw/ucsb/annual-message-the-congress.html,3170,701159d0283316eb2f8222e8ffd2a0ff0ad90fdff2f9da237bba3b15026f284b
1941-Roosevelt-1,1941,1941-01-06,roosevelt-32,Roosevelt,Franklin D. Roosevelt,Democratic,spoken,True,https://www.presidency.ucsb.edu/documents/annual-message-congress-the-state-the-union-four-freedoms-speech,raw/ucsb/annual-message-congress-the-state-the-union-four-freedoms-speech.html,3285,260ae8c6786fbf5e4d3d488d889d9e222e6fa300223f1ceab98a4003b940bf08
1942-Roosevelt-1,1942,1942-01-06,roosevelt-32,Roosevelt,Franklin D. Roosevelt,Democratic,spoken,True,https://www.presidency.ucsb.edu/documents/state-the-union-address-1,raw/ucsb/state-the-union-address-1.html,3484,3609b679391fe32224b97db4c352935a55595023db70027a58b07176e3c34c04
1943-Roosevelt-1,1943,1943-01-07,roosevelt-32,Roosevelt,Franklin D. Roosevelt,Democratic,spoken,True,https://www.presidency.ucsb.edu/documents/state-the-union-address-0,raw/ucsb/state-the-union-address-0.html,4561,45bd8d1ff2a6ce06e48cd6378c2ce6471b3dab7543cd11aa98e2cd7037847ff4
1944-Roosevelt-1,1944,1944-01-11,roosevelt-32,Roosevelt,Franklin D. Roosevelt,Democratic,spoken,True,https://www.presidency.ucsb.edu/documents/state-the-union-message-congress,raw/ucsb/state-the-union-message-congress.html,3772,c985933b76c4da904d9acab34a4f0020d4266de90336d9cbca678f21603be87b
1945-Roosevelt-1,1945,1945-01-06,roosevelt-32,Roosevelt,Franklin D. Roosevelt,Democratic,written,True,https://www.presidency.ucsb.edu/documents/state-the-union-address,raw/ucsb/state-the-union-address.html,8158,296af7cab9126eab6805cfbe880ebcf8fe2d4944fb7a03d0cfe36c175fbfb128
1945-Roosevelt-2,1945,1945-01-06,roosevelt-32,Roosevelt,Franklin D. Roosevelt,Democratic,written,False,https://www.presidency.ucsb.edu/documents/radio-address-summarizing-the-state-the-union-message,raw/ucsb/radio-address-summarizing-the-state-the-union-message.html,3141,ee20c880049acdd13e7bd5ada0489124a209a5244316930f68c3da322cc5481f
1946-Truman-1,1946,1946-01-21,truman,Truman,Harry S. Truman,Democratic,spoken,True,https://www.presidency.ucsb.edu/documents/message-the-congress-the-state-the-union-and-the-budget-for-1947,raw/ucsb/message-the-congress-the-state-the-union-and-the-budget-for-1947.html,27764,cd9cdab0478449f55586543244e1ef3b44044b023e434bcc48c6010f422c1aab
1947-Truman-1,1947,1947-01-06,truman,Truman,Harry S. Truman,Democratic,spoken,True,https://www.presidency.ucsb.edu/documents/annual-message-the-congress-the-state-the-union-15,raw/ucsb/annual-message-the-congress-the-state-the-union-15.html,6031,a12785db05990f12d80453ec668d7ffec3140e858187c4577ca8cfcfb6a2d9b3
1948-Truman-1,1948,1948-01-07,truman,Truman,Harry S. Truman,Democratic,spoken,True,https://www.presidency.ucsb.edu/documents/annual-message-the-congress-the-state-the-union-14,raw/ucsb/annual-message-the-congress-the-state-the-union-14.html,5084,79934d1da95270e2a05fccac6169437a70f23f4eb6a449a729049a9d59960695
1949-Truman-1,1949,1949-01-05,truman,Truman,Harry S. Truman,Democratic,spoken,True,https://www.presidency.ucsb.edu/documents/annual-message-the-congress-the-state-the-union-21,raw/ucsb/annual-message-the-congress-the-state-the-union-21.html,3397,5479d66899449560a187f3269ceab319d12b754d92c19a8ba00c156dd27fadf6
1950-Truman-1,1950,1950-01-04,truman,Truman,Harry S. Truman,Democratic,spoken,True,https://www.presidency.ucsb.edu/documents/annual-message-the-congress-the-state-the-union-20,raw/ucsb/annual-message-the-congress-the-state-the-union-20.html,5126,2abf40b5c90d3b4dd71cd454bfc490869951b6b0a7148f992f7a236383925a30
1951-Truman-1,1951,1951-01-08,truman,Truman,Harry S. Truman,Democratic,spoken,True,https://www.presidency.ucsb.edu/documents/annual-message-the-congress-the-state-the-union-19,raw/ucsb/annual-message-the-congress-the-state-the-union-19.html,3973,cacaf32d2f8fe569312059fa4de3eac1f71ea9a85dcd0387a28e9b73e083828c
1952-Truman-1,1952,1952-01-09,truman,Truman,Harry S. Truman,Democratic,spoken,True,https://www.presidency.ucsb.edu/documents/annual-message-the-congress-the-state-the-union-17,raw/ucsb/annual-message-the-congress-the-state-the-union-17.html,5335,e915910ced26f41c68f7e62fdceaa9ea896382d3ea4c10105ca91abcbb03ee97
1953-Eisenhower-1,1953,1953-02-02,eisenhower,Eisenhower,Dwight D. Eisenhower,Republican,spoken,True,https://www.presidency.ucsb.edu/documents/annual-message-the-congress-the-state-the-union-16,raw/ucsb/annual-message-the-congress-the-state-the-union-16.html,6945,08a19c3d552a0a5be488b99a179aefca25ee20f5ebd575bb71612c4be6ca373a
1953-Truman-1,1953,1953-01-07,truman,Truman,Harry S. Truman,Democratic,written,True,https://www.presidency.ucsb.edu/documents/annual-message-the-congress-the-state-the-union-18,raw/ucsb/annual-message-the-congress-the-state-the-union-18.html,9607,bce6c8742c8722170b3be2fb829d641cca43132a9541f7ecfd98d59236e73b96
1954-Eisenhower-1,1954,1954-01-07,eisenhower,Eisenhower,Dwight D. Eisenhower,Republican,spoken,True,https://www.presidency.ucsb.edu/documents/annual-message-the-congress-the-state-the-union-13,raw/ucsb/annual-message-the-congress-the-state-the-union-13.html,5974,646787658d566550f813e1b45d2c90fc89db0d9e095b38d694a7dff32437907f
1955-Eisenhower-1,1955,1955-01-06,eisenhower,Eisenhower,Dwight D. Eisenhower,Republican,spoken,True,https://www.presidency.ucsb.edu/documents/annual-message-the-congress-the-state-the-union-12,raw/ucsb/annual-message-the-congress-the-state-the-union-12.html,7237,23c15c1d2dc326874b18f448682fde2932695ce45ec7ade4a6018361660f172a
1956-Eisenhower-1,1956,1956-01-05,eisenhower,Eisenhower,Dwight D. Eisenhower,Republican,written,True,https://www.presidency.ucsb.edu/documents/annual-message-the-congress-the-state-the-union-11,raw/ucsb/annual-message-the-congress-the-state-the-union-11.html,8265,ec91b7e57badf6bb92ac0bfe26c14716465c0016f623e945b371b8ae0b2fbd4a
1956-Eisenhower-2,1956,1956-01-05,eisenhower,Eisenhower,Dwight D. Eisenhower,Republican,written,False,https://www.presidency.ucsb.edu/documents/remarks-the-state-the-union-message-key-west-florida,raw/ucsb/remarks-the-state-the-union-message-key-west-florida.html,1083,059dae8d6ed90c103b2514fb4be0b3f697807464a3c1813090cca6c5aee1afbe
1957-Eisenhower-1,1957,1957-01-10,eisenhower,Eisenhower,Dwight D. Eisenhower,Republican,spoken,True,https://www.presidency.ucsb.edu/documents/annual-message-the-congress-the-state-the-union-9,raw/ucsb/annual-message-the-congress-the-state-the-union-9.html,4132,90778d8fda4a53c653a42ea5528f62c1b33a2eac41db0225671643c4bb3767ab
1958-Eisenhower-1,1958,1958-01-09,eisenhower,Eisenhower,Dwight D. Eisenhower,Republican,spoken,True,https://www.presidency.ucsb.edu/documents/annual-message-the-congress-the-state-the-union-10,raw/ucsb/annual-message-the-congress-the-state-the-union-10.html,4920,09cfa8d5099ab758db5ab58ecf60a5f184d485360e2dde7402ee07e9d7ea2c81
1959-Eisenhower-1,1959,1959-01-09,eisenhower,Eisenhower,Dwight D. Eisenhower,Republican,spoken,True,https://www.presidency.ucsb.edu/documents/annual-message-the-congress-the-state-the-union-8,raw/ucsb/annual-message-the-congress-the-state-the-union-8.html,4956,5681b4ff2b2788349720d9bc4e26b6411cd7dbfcfdd38205b37653277e7edf50
1960-Eisenhower-1,1960,1960-01-07,eisenhower,Eisenhower,Dwight D. Eisenhower,Republican,spoken,True,https://www.presidency.ucsb.edu/documents/annual-message-the-congress-the-state-the-union-6,raw/ucsb/annual-message-the-congress-the-state-the-union-6.html,5634,3331353864455400abf3493f7147720505eb3cf18967e55d0c60db6c7ec2b2d2
1961-Eisenhower-1,1961,1961-01-12,eisenhower,Eisenhower,Dwight D. Eisenhower,Republican,written,True,https://www.presidency.ucsb.edu/documents/annual-message-the-congress-the-state-the-union-7,raw/ucsb/annual-message-the-congress-the-state-the-union-7.html,6191,53df5a6b2bdfe1788589175926ce6b7587b6e7200ac37fa909b2c830f6988dcc
1961-Kennedy-1,1961,1961-01-30,kennedy,Kennedy,John F. Kennedy,Democratic,spoken,True,https://www.presidency.ucsb.edu/documents/annual-message-the-congress-the-state-the-union-5,raw/ucsb/annual-message-the-congress-the-state-the-union-5.html,5175,d303beb8cec8870cff3764d346fff8c5cec9915d619f18b411db4efa8750fb86
1962-Kennedy-1,1962,1962-01-11,kennedy,Kennedy,John F. Kennedy,Democratic,spoken,True,https://www.presidency.ucsb.edu/documents/annual-message-the-congress-the-state-the-union-4,raw/ucsb/annual-message-the-congress-the-state-the-union-4.html,6437,bc174f39b9fdc80b45bcce557173fc5e41a8453dca7a57d00702e76553dd3241
1963-Kennedy-1,1963,1963-01-14,kennedy,Kennedy,John F. Kennedy,Democratic,spoken,True,https://www.presidency.ucsb.edu/documents/annual-message-the-congress-the-state-the-union-3,raw/ucsb/annual-message-the-congress-the-state-the-union-3.html,5335,6737b8703c333182f2dea8de70638ee41fd57dc97ca61c962ba45b8605de5d1f
1964-Johnson-1,1964,1964-01-08,johnson-36,Johnson,Lyndon B. Johnson,Democratic,spoken,True,https://www.presidency.ucsb.edu/documents/annual-message-the-congress-the-state-the-union-25,raw/ucsb/annual-message-the-congress-the-state-the-union-25.html,3197,6acb538f0d73bab2c054a0e541d0a602a2ec2619361e824a677eb8c6f9643dee
1965-Johnson-1,1965,1965-01-04,johnson-36,Johnson,Lyndon B. Johnson,Democratic,spoken,True,https://www.presidency.ucsb.edu/documents/annual-message-the-congress-the-state-the-union-26,raw/ucsb/annual-message-the-congress-the-state-the-union-26.html,4407,8e67934862e152aa2b54cb41c9dadf067ddb3fbfaf9c33abba009d7b43dd63aa
1966-Johnson-1,1966,1966-01-12,johnson-36,Johnson,Lyndon B. Johnson,Democratic,spoken,True,https://www.presidency.ucsb.edu/documents/annual-message-the-congress-the-state-the-union-27,raw/ucsb/annual-message-the-congress-the-state-the-union-27.html,5503,512cffe2eaef1ace48fe1ae772111b5ba592efe47d57a9d13ec0fd4bc4a3bb89
1967-Johnson-1,1967,1967-01-10,johnson-36,Johnson,Lyndon B. Johnson,Democratic,spoken,True,https://www.presidency.ucsb.edu/documents/annual-message-the-congress-the-state-the-union-28,raw/ucsb/annual-message-the-congress-the-state-the-union-28.html,7120,6f69135b4bbd761cb64b1d5c9c6c186a478440b0a21337821f521ff19802a896
1968-Johnson-1,1968,1968-01-17,johnson-36,Johnson,Lyndon B. Johnson,Democratic,spoken,True,https://www.presidency.ucsb.edu/documents/annual-message-the-congress-the-state-the-union-29,raw/ucsb/annual-message-the-congress-the-state-the-union-29.html,4865,7861d12e39567c3b8b3c4d3f71f9957f3a1f58a46a47233fcb8d251dcf60392d
1969-Johnson-1,1969,1969-01-14,johnson-36,Johnson,Lyndon B. Johnson,Democratic,spoken,True,https://www.presidency.ucsb.edu/documents/annual-message-the-congress-the-state-the-union-30,raw/ucsb/annual-message-the-congress-the-state-the-union-30.html,4097,a192da8baf0c8c4c7e02bc96dd96dae7c5d803ebc222b6647c83e32a90c2f3b7
1970-Nixon-1,1970,1970-01-22,nixon,Nixon,Richard Nixon,Republican,spoken,True,https://www.presidency.ucsb.edu/documents/annual-message-the-congress-the-state-the-union-2,raw/ucsb/annual-message-the-congress-the-state-the-union-2.html,4461,41a4ca022f3bb7c568a96647b82dac4edc399ba324edc108cd4c0c3723278897
1971-Nixon-1,1971,1971-01-22,nixon,Nixon,Richard Nixon,Republican,spoken,True,https://www.presidency.ucsb.edu/documents/annual-message-the-congress-the-state-the-union-1,raw/ucsb/annual-message-the-congress-the-state-the-union-1.html,4466,95946d5c4e5029c243a4c621f04d2b5e84866e4e21601f9903bb4ba6e9478993
1972-Nixon-1,1972,1972-01-20,nixon,Nixon,Richard Nixon,Republican,spoken,True,https://www.presidency.ucsb.edu/documents/address-the-state-the-union-delivered-before-joint-session-the-congress-0,raw/ucsb/address-the-state-the-union-delivered-before-joint-session-the-congress-0.html,3968,020243b734db40f6316cc6a867ddf939a8dd921e092e591ed8b2271242fba9d4
1972-Nixon-2,1972,1972-01-20,nixon,Nixon,Richard Nixon,Republican,written,True,https://www.presidency.ucsb.edu/documents/annual-message-the-congress-the-state-the-union-0,raw/ucsb/annual-message-the-congress-the-state-the-union-0.html,17147,7e05fc1b5081ff6f2778f87356b7e281e97beed2b10889c5fa6a4157805a304f
1973-Nixon-1,1973,1973-02-02,nixon,Nixon,Richard Nixon,Republican,written,True,https://www.presidency.ucsb.edu/ws/index.php?pid=3996,raw/ucsb/pid_3996.html,1657,92622a993a9f8f36a9733d541aeb2b1510d45bf7fbd52bd884a951d164dbcb99
1973-Nixon-2,1973,1973-02-14,nixon,Nixon,Richard Nixon,Republican,written,False,https://www.presidency.ucsb.edu/ws/index.php?pid=4101,raw/ucsb/pid_4101.html,1747,a0c48759d11d23b2a04ad8ac55e3faaa7cf3fa4185611a597b500702bceb1dfb
1973-Nixon-3,1973,1973-02-15,nixon,Nixon,Richard Nixon,Republican,written,False,https://www.presidency.ucsb.edu/ws/index.php?pid=4102,raw/ucsb/pid_4102.html,4457,b4d8927349f652e7d7e1e105a0ccce7a5a6b4edf24f282c453783792e626f0fc
1973-Nixon-4,1973,1973-02-21,nixon,Nixon,Richard Nixon,Republican,written,False,https://www.presidency.ucsb.edu/ws/index.php?pid=4111,raw/ucsb/pid_4111.html,2057,6b3b40df12d736301aa3920125c75aa060a7f55fb8a1e8c7df5ac8bcb859e1ae
1973-Nixon-5,1973,1973-02-22,nixon,Nixon,Richard Nixon,Republican,written,False,https://www.presidency.ucsb.edu/ws/index.php?pid=4112,raw/ucsb/pid_4112.html,3885,4834b9d5bb9eaaad1ae6087b4e80d3bc413bde81cc5ef3c3ea690daf45fac31e
1973-Nixon-6,1973,1973-02-24,nixon,Nixon,Richard Nixon,Republican,written,False,https://www.presidency.ucsb.edu/ws/index.php?pid=4117,raw/ucsb/pid_4117.html,1891,48dd1be0740ef78f7d76ae115869a37d30a357ca5117be281d70a7c4436c00d5
1973-Nixon-7,1973,1973-03-01,nixon,Nixon,Richard Nixon,Republican,written,False,https://www.presidency.ucsb.edu/ws/index.php?pid=4121,raw/ucsb/pid_4121.html,7364,62bf302b25d8516b9ae20a87a1a42277208ed5758cc6e1e953362d057d36fa71
1973-Nixon-8,1973,1973-03-04,nixon,Nixon,Richard Nixon,Republican,written,False,https://www.presidency.ucsb.edu/ws/index.php?pid=4128,raw/ucsb/pid_4128.html,1728,e76ce3cec6951686afd5ad56b5a93bbfaf73920ecbb9bdb248cd3a623c8b7725
1973-Nixon-9,1973,1973-03-08,nixon,Nixon,Richard Nixon,Republican,written,False,https://www.presidency.ucsb.edu/ws/index.php?pid=4134,raw/ucsb/pid_4134.html,4204,5322ee11c6ab329524865e29c366a57b26e9d8245e18b9eb28045decab2ca265
1973-Nixon-10,1973,1973-03-10,nixon,Nixon,Richard Nixon,Republican,written,False,https://www.presidency.ucsb.edu/ws/index.php?pid=4135,raw/ucsb/pid_4135.html,2063,fc989cb16184d42334311be81d7f4f414c4a244a0a408174070b79ab7d05948b
1973-Nixon-11,1973,1973-03-14,nixon,Nixon,Richard Nixon,Republican,written,False,https://www.presidency.ucsb.edu/ws/index.php?pid=4140,raw/ucsb/pid_4140.html,5405,08fedaad4bfab4de4dfa07e80d036ad9bb9e83250e1eb78514159e5494ce1c2e
1974-Nixon-1,1974,1974-01-30,nixon,Nixon,Richard Nixon,Republican,spoken,True,https://www.presidency.ucsb.edu/documents/address-the-state-the-union-delivered-before-joint-session-the-congress,raw/ucsb/address-the-state-the-union-delivered-before-joint-session-the-congress.html,5171,0371850e5d8313929c9ef4d63cc1e82cdc57ffcd71717c9f2df5c84e73e2d339
1974-Nixon-2,1974,1974-01-30,nixon,Nixon,Richard Nixon,Republican,written,True,https://www.presidency.ucsb.edu/documents/annual-message-the-congress-the-state-the-union,raw/ucsb/annual-message-the-congress-the-state-the-union.html,22229,30146bce4631e1c8febfade61c4f105165ab226a86a966032b3d69d7307cbd9f
1975-Ford-1,1975,1975-01-15,ford,Ford,Gerald R. Ford,Republican,spoken,True,https://www.presidency.ucsb.edu/documents/address-before-joint-session-the-congress-reporting-the-state-the-union-1,raw/ucsb/address-before-joint-session-the-congress-reporting-the-state-the-union-1.html,4112,eb55e0419a99688f5dd636ebb4ec512d173446197a281d688e8cd2fa73e3a766
1976-Ford-1,1976,1976-01-19,ford,Ford,Gerald R. Ford,Republican,spoken,True,https://www.presidency.ucsb.edu/documents/address-before-joint-session-the-congress-reporting-the-state-the-union,raw/ucsb/address-before-joint-session-the-congress-reporting-the-state-the-union.html,4952,ab8488034802a0c46016d915374793506bf2f66dd26e2973e9d3d503f99be27a
1977-Ford-1,1977,1977-01-12,ford,Ford,Gerald R. Ford,Republican,spoken,True,https://www.presidency.ucsb.edu/documents/address-before-joint-session-the-congress-reporting-the-state-the-union-0,raw/ucsb/address-before-joint-session-the-congress-reporting-the-state-the-union-0.html,4706,525dc334a6237d4e7b3e73e0380ab816906e0a62bed3ccfc99faf4049ddd33f6
1978-Carter-1,1978,1978-01-19,carter,Carter,Jimmy Carter,Democratic,spoken,True,https://www.presidency.ucsb.edu/documents/the-state-the-union-address-delivered-before-joint-session-the-congress-1,raw/ucsb/the-state-the-union-address-delivered-before-joint-session-the-congress-1.html,4561,7e0a4ed214f9ebdff77058623f3e304e98c94dc14a3cb72d55be3e942e3418aa
1978-Carter-2,1978,1978-01-19,carter,Carter,Jimmy Carter,Democratic,written,True,https://www.presidency.ucsb.edu/documents/the-state-the-union-annual-message-the-congress-2,raw/ucsb/the-state-the-union-annual-message-the-congress-2.html,12074,fef2932357e358ee653f5c0fe182008c80441df79cd950788ee5d20fc5b55090
1979-Carter-1,1979,1979-01-23,carter,Carter,Jimmy Carter,Democratic,spoken,True,https://www.presidency.ucsb.edu/documents/the-state-the-union-address-delivered-before-joint-session-the-congress-0,raw/ucsb/the-state-the-union-address-delivered-before-joint-session-the-congress-0.html,3258,7fcff13f9c69a6a43893d70985d7561d8053cea09ddbec2577644b119d808412
1979-Carter-2,1979,1979-01-25,carter,Carter,Jimmy Carter,Democratic,written,True,https://www.presidency.ucsb.edu/documents/the-state-the-union-annual-message-the-congress-1,raw/ucsb/the-state-the-union-annual-message-the-congress-1.html,21528,97ef4c77dd07d6b6f167fc1b0e371c193c0259fc622f2d41aaead72fa88f43d3
1980-Carter-1,1980,1980-01-21,carter,Carter,Jimmy Carter,Democratic,written,True,https://www.presidency.ucsb.edu/documents/the-state-the-union-annual-message-the-congress-0,raw/ucsb/the-state-the-union-annual-message-the-congress-0.html,33426,1d7e12d87efd9f989fb16b3f82176127299a96ab7ad8c7e81a040235d99365ef
1980-Carter-2,1980,1980-01-23,carter,Carter,Jimmy Carter,Democratic,spoken,True,https://www.presidency.ucsb.edu/documents/the-state-the-union-address-delivered-before-joint-session-the-congress,raw/ucsb/the-state-the-union-address-delivered-before-joint-session-the-congress.html,3455,cdc19b6e594be2eda93162a43a3c1c4f67b488bf2fa49733a2d4d9bceffc0219
1981-Carter-1,1981,1981-01-16,carter,Carter,Jimmy Carter,Democratic,written,True,https://www.presidency.ucsb.edu/documents/the-state-the-union-annual-message-the-congress,raw/ucsb/the-state-the-union-annual-message-the-congress.html,33797,87e98ae8e264d9e79a48003f2926b3004e3d10297bc39d6f5f1aa9c4d81c99cc
1982-Reagan-1,1982,1982-01-26,reagan,Reagan,Ronald Reagan,Republican,spoken,True,https://www.presidency.ucsb.edu/documents/address-before-joint-session-the-congress-reporting-the-state-the-union-2,raw/ucsb/address-before-joint-session-the-congress-reporting-the-state-the-union-2.html,5158,0e34f31f8a86fa929f29fdac9a8e48b1944d826e60d9f4fdae68d49a4e830579
1983-Reagan-1,1983,1983-01-25,reagan,Reagan,Ronald Reagan,Republican,spoken,True,https://www.presidency.ucsb.edu/documents/address-before-joint-session-the-congress-the-state-the-union-3,raw/ucsb/address-before-joint-session-the-congress-the-state-the-union-3.html,5536,886427598754fd7469428dc94fe313c915efe621a810246ddc4e567b615461e2
1984-Reagan-1,1984,1984-01-25,reagan,Reagan,Ronald Reagan,Republican,spoken,True,https://www.presidency.ucsb.edu/documents/address-before-joint-session-the-congress-the-state-the-union-4,raw/ucsb/address-before-joint-session-the-congress-the-state-the-union-4.html,4944,900b1303674fb16e236c51b74a2efa5b3b01dce0bedefbe7ae552eeeac1ee9e2
1985-Reagan-1,1985,1985-02-06,reagan,Reagan,Ronald Reagan,Republican,spoken,True,https://www.presidency.ucsb.edu/documents/address-before-joint-session-the-congress-the-state-the-union-5,raw/ucsb/address-before-joint-session-the-congress-the-state-the-union-5.html,4213,c0fe0f4028bb4394cf702b6d84bb9c9aeb27131551d2288e4d8bc0b179588d89
1986-Reagan-1,1986,1986-02-04,reagan,Reagan,Ronald Reagan,Republican,spoken,True,https://www.presidency.ucsb.edu/documents/address-before-joint-session-congress-the-state-the-union,raw/ucsb/address-before-joint-session-congress-the-state-the-union.html,3473,435b66f38c48690e38226ef57d8e40b8248ca28cec6fac036a0c308ef2bf2e1d
1987-Reagan-1,1987,1987-01-27,reagan,Reagan,Ronald Reagan,Republican,spoken,True,https://www.presidency.ucsb.edu/documents/address-before-joint-session-congress-the-state-the-union-1,raw/ucsb/address-before-joint-session-congress-the-state-the-union-1.html,3770,159279d390d15e592964aa890da160ae139f48c04d47f9dc4514c65cff5773c0
1988-Reagan-1,1988,1988-01-25,reagan,Reagan,Ronald Reagan,Republican,spoken,True,https://www.presidency.ucsb.edu/documents/address-before-joint-session-congress-the-state-the-union-0,raw/ucsb/address-before-joint-session-congress-the-state-the-union-0.html,4826,56f00f231c2f347337da5515a404317e67d14fa008dcf2301731b83fb2e78e17
1990-Bush-1,1990,1990-01-31,bush-41,Bush,George H.W. Bush,Republican,spoken,True,https://www.presidency.ucsb.edu/documents/address-before-joint-session-the-congress-the-state-the-union-2,raw/ucsb/address-before-joint-session-the-congress-the-state-the-union-2.html,3811,77a4ab40f48f6af87e41779f31c9df5f18d6d3ca38287f5af06de0762a44f169
1991-Bush-1,1991,1991-01-29,bush-41,Bush,George H.W. Bush,Republican,spoken,True,https://www.presidency.ucsb.edu/documents/address-before-joint-session-the-congress-the-state-the-union-1,raw/ucsb/address-before-joint-session-the-congress-the-state-the-union-1.html,3968,ad96253deb6ea0ce037f5ed1545dd66ed55c29ab899a260ec473f3dd7c08904e
1992-Bush-1,1992,1992-01-28,bush-41,Bush,George H.W. Bush,Republican,spoken,True,https://www.presidency.ucsb.edu/documents/address-before-joint-session-the-congress-the-state-the-union-0,raw/ucsb/address-before-joint-session-the-congress-the-state-the-union-0.html,5082,54bcf3f2acb21455ffdd7234d0b5f9cdf8601dcb4d915049b76e5c31104426c2
1994-Clinton-1,1994,1994-01-25,clinton,Clinton,William J. Clinton,Democratic,spoken,True,https://www.presidency.ucsb.edu/documents/address-before-joint-session-the-congress-the-state-the-union-12,raw/ucsb/address-before-joint-session-the-congress-the-state-the-union-12.html,7378,8a95206ed52f883a045044d3e89da9753542a7099cce71f52673baadfcb68a05
1995-Clinton-1,1995,1995-01-24,clinton,Clinton,William J. Clinton,Democratic,spoken,True,https://www.presidency.ucsb.edu/documents/address-before-joint-session-the-congress-the-state-the-union-11,raw/ucsb/address-before-joint-session-the-congress-the-state-the-union-11.html,9173,1831b172adf101e57c7d12024925489ce578855ab770f24d5962d7a1993c5afb
1996-Clinton-1,1996,1996-01-23,clinton,Clinton,William J. Clinton,Democratic,spoken,True,https://www.presidency.ucsb.edu/documents/address-before-joint-session-the-congress-the-state-the-union-10,raw/ucsb/address-before-joint-session-the-congress-the-state-the-union-10.html,6328,edbd169bb11b96146424349c35e926b7f54f9435b50db3d30a5142609e48a2d5
1997-Clinton-1,1997,1997-02-04,clinton,Clinton,William J. Clinton,Democratic,spoken,True,https://www.presidency.ucsb.edu/documents/address-before-joint-session-the-congress-the-state-the-union-9,raw/ucsb/address-before-joint-session-the-congress-the-state-the-union-9.html,6749,9e40b4affd18854892138a4119d27f076b15c092e776e4060ee6aa534d6f7a62
1998-Clinton-1,1998,1998-01-27,clinton,Clinton,William J. Clinton,Democratic,spoken,True,https://www.presidency.ucsb.edu/documents/address-before-joint-session-the-congress-the-state-the-union-8,raw/ucsb/address-before-joint-session-the-congress-the-state-the-union-8.html,7277,d8b2dae305bc7dace4bc9887974a68d39dfc33490d6f8967185c1ad89b094339
1999-Clinton-1,1999,1999-01-19,clinton,Clinton,William J. Clinton,Democratic,spoken,True,https://www.presidency.ucsb.edu/documents/address-before-joint-session-the-congress-the-state-the-union-6,raw/ucsb/address-before-joint-session-the-congress-the-state-the-union-6.html,7475,ebdc85743a820b91ca2ce3dc885aa4d0bed6987e242705cf18294817c0caddb7
2000-Clinton-1,2000,2000-01-27,clinton,Clinton,William J. Clinton,Democratic,spoken,True,https://www.presidency.ucsb.edu/documents/address-before-joint-session-the-congress-the-state-the-union-7,raw/ucsb/address-before-joint-session-the-congress-the-state-the-union-7.html,9052,fdfdc2009a0d91d9d9c4593a06642fb7c5cc55efc77967c5103e924be3870b99
2002-Bush-1,2002,2002-01-29,bush-43,Bush,George W. Bush,Republican,spoken,True,https://www.presidency.ucsb.edu/documents/address-before-joint-session-the-congress-the-state-the-union-22,raw/ucsb/address-before-joint-session-the-congress-the-state-the-union-22.html,3825,6407e938de87d797c6974836959d9b4d59397eb6688ac582aaf017a7b393e989
2003-Bush-1,2003,2003-01-28,bush-43,Bush,George W. Bush,Republican,spoken,True,https://www.presidency.ucsb.edu/documents/address-before-joint-session-the-congress-the-state-the-union-23,raw/ucsb/address-before-joint-session-the-congress-the-state-the-union-23.html,5368,56ac946e4806726eef0f821890bfb802bcdab64015b36c453dc645172fe8ffc2
2004-Bush-1,2004,2004-01-20,bush-43,Bush,George W. Bush,Republican,spoken,True,https://www.presidency.ucsb.edu/documents/address-before-joint-session-the-congress-the-state-the-union-24,raw/ucsb/address-before-joint-session-the-congress-the-state-the-union-24.html,5167,eed8d1bd3d6b4ef012281616a8e582d13343795f6059726d64336e690421a638
2005-Bush-1,2005,2005-02-02,bush-43,Bush,George W. Bush,Republican,spoken,True,https://www.presidency.ucsb.edu/documents/address-before-joint-session-the-congress-the-state-the-union-14,raw/ucsb/address-before-joint-session-the-congress-the-state-the-union-14.html,5045,d58878c550d3938db96e888852701c8b199c4c85b55093ae08f596e8b475d559
2006-Bush-1,2006,2006-01-31,bush-43,Bush,George W. Bush,Republican,spoken,True,https://www.presidency.ucsb.edu/documents/address-before-joint-session-the-congress-the-state-the-union-13,raw/ucsb/address-before-joint-session-the-congress-the-state-the-union-13.html,5287,4f5cd8e42d80ba650feda8a375241feadd9e24d5cdbf89406138e31415bc962c
2007-Bush-1,2007,2007-01-23,bush-43,Bush,George W. Bush,Republican,spoken,True,https://www.presidency.ucsb.edu/documents/address-before-joint-session-the-congress-the-state-the-union,raw/ucsb/address-before-joint-session-the-congress-the-state-the-union.html,5552,32c7a13153a3720c36f8ea0caebae34eabf37ea29a4b80068deb86ca08c3911f
2008-Bush-1,2008,2008-01-28,bush-43,Bush,George W. Bush,Republican,spoken,True,https://www.presidency.ucsb.edu/documents/address-before-joint-session-the-congress-the-state-the-union-18,raw/ucsb/address-before-joint-session-the-congress-the-state-the-union-18.html,5704,ce5c89e4ca19ffc16c1d3a436c6aa45a232f03a239f8475eb5403cecc7b8802d
2010-Obama-1,2010,2010-01-27,obama,Obama,Barack Obama,Democratic,spoken,True,https://www.presidency.ucsb.edu/documents/address-before-joint-session-the-congress-the-state-the-union-17,raw/ucsb/address-before-joint-session-the-congress-the-state-the-union-17.html,7221,3d9db734ad504f0b047913702cc3facb62408d8860df4430181d1da4304dcc65
2011-Obama-1,2011,2011-01-25,obama,Obama,Barack Obama,Democratic,spoken,True,https://www.presidency.ucsb.edu/documents/address-before-joint-session-the-congress-the-state-the-union-16,raw/ucsb/address-before-joint-session-the-congress-the-state-the-union-16.html,6867,c3e8f8252cb1d4554a3f8c88884142399d3a2414f43ba42f175a4b279b460dfd
2012-Obama-1,2012,2012-01-24,obama,Obama,Barack Obama,Democratic,spoken,True,https://www.presidency.ucsb.edu/documents/address-before-joint-session-the-congress-the-state-the-union-15,raw/ucsb/address-before-joint-session-the-congress-the-state-the-union-15.html,7018,9485034721964c4c73c6ecb9ffc2934319473c6811cea1ad2c249e5fe5c6f5e0
2013-Obama-1,2013,2013-02-12,obama,Obama,Barack Obama,Democratic,spoken,True,https://www.presidency.ucsb.edu/documents/address-before-joint-session-congress-the-state-the-union-2,raw/ucsb/address-before-joint-session-congress-the-state-the-union-2.html,6783,a963af6ad4c201603ba5262ba8b06b6b68f3750ee19ecec45bcb68ab83581ede
2014-Obama-1,2014,2014-01-28,obama,Obama,Barack Obama,Democratic,spoken,True,https://www.presidency.ucsb.edu/documents/address-before-joint-session-the-congress-the-state-the-union-21,raw/ucsb/address-before-joint-session-the-congress-the-state-the-union-21.html,6987,805d706980a2cc43370b3f1655408346922dd9b45eed1c288aae2dd9f1b6ff08
2015-Obama-1,2015,2015-01-20,obama,Obama,Barack Obama,Democratic,spoken,True,https://www.presidency.ucsb.edu/documents/address-before-joint-session-the-congress-the-state-the-union-20,raw/ucsb/address-before-joint-session-the-congress-the-state-the-union-20.html,6748,9b488088042885a4d38bac88b1f583901b20c6e95f6d522e7c68a35093e79aa1
2016-Obama-1,2016,2016-01-12,obama,Obama,Barack Obama,Democratic,spoken,True,https://www.presidency.ucsb.edu/documents/address-before-joint-session-the-congress-the-state-the-union-19,raw/ucsb/address-before-joint-session-the-congress-the-state-the-union-19.html,6025,f40d262f7a124674ce568f31a4032783d8347bf87269081364423b0b2ec5e9ff
2018-Trump-1,2018,2018-01-30,trump,Trump,Donald J. Trump,Republican,spoken,True,https://www.presidency.ucsb.edu/documents/address-before-joint-session-the-congress-the-state-the-union-25,raw/ucsb/address-before-joint-session-the-congress-the-state-the-union-25.html,5830,c16565e78ec4aab231b51b0f08faa8766aae369b4bc6cadbd9f54f546302a666
2019-Trump-1,2019,2019-02-05,trump,Trump,Donald J. Trump,Republican,spoken,True,https://www.presidency.ucsb.edu/documents/address-before-joint-session-the-congress-the-state-the-union-26,raw/ucsb/address-before-joint-session-the-congress-the-state-the-union-26.html,5627,4a45fcb129e64a327fce3f86c36d83cf612c3d62e71ed84fb6eb45f6ae205270
2020-Trump-1,2020,2020-02-04,trump,Trump,Donald J. Trump,Republican,spoken,True,https://www.presidency.ucsb.edu/documents/address-before-joint-session-the-congress-the-state-the-union-27,raw/ucsb/address-before-joint-session-the-congress-the-state-the-union-27.html,6277,233c46baa0fc0ebc500e1e64a025bddbbeff4fe1441fb064ea51c14c5b1037eb
2022-Biden-1,2022,2022-03-01,biden,Biden,Joseph R. Biden Jr.,Democratic,spoken,True,https://www.presidency.ucsb.edu/documents/address-before-joint-session-the-congress-the-state-the-union-28,raw/ucsb/address-before-joint-session-the-congress-the-state-the-union-28.html,7665,14411c6e38a51de054c39bee2bcfada699b1009b1b59b82d5d64a1ad94ee377e
2023-Biden-1,2023,2023-02-07,biden,Biden,Joseph R. Biden Jr.,Democratic,spoken,True,https://www.presidency.ucsb.edu/documents/address-before-joint-session-the-congress-the-state-the-union-29,raw/ucsb/address-before-joint-session-the-congress-the-state-the-union-29.html,9231,f8f86982ec24ee64b3683a751aa64a46590ab08009e5a4e0eb266cde5179c535
2024-Biden-1,2024,2024-03-07,biden,Biden,Joseph R. Biden Jr.,Democratic,spoken,True,https://www.presidency.ucsb.edu/documents/address-before-joint-session-the-congress-the-state-the-union-30,raw/ucsb/address-before-joint-session-the-congress-the-state-the-union-30.html,8271,49bfe893a36415825c9491050022f3cb438a5209d7317678c481a93906e39a71
2026-Trump-1,2026,2026-02-24,trump-2,Trump,Donald J. Trump,Republican,spoken,True,https://www.presidency.ucsb.edu/documents/address-before-joint-session-the-congress-the-state-the-union-31,raw/ucsb/address-before-joint-session-the-congress-the-state-the-union-31.html,10748,888d6d77ab0e283fd6ceffd2c2d7f03e4731178654234b19d0ad650f92ca20ad
